Category,Local File,Source Platform,License / Terms,Direct Source URL
back,back/barbell-row.jpg,free-exercise-db (GitHub),The Unlicense / Public Domain,https://raw.githubusercontent.com/yuhonas/free-exercise-db/main/exercises/Bent_Over_Barbell_Row/0.jpg
back,back/chest-supported-row.jpg,free-exercise-db (GitHub),The Unlicense / Public Domain,https://raw.githubusercontent.com/yuhonas/free-exercise-db/main/exercises/Dumbbell_Incline_Row/0.jpg
back,back/chin-ups.jpg,free-exercise-db (GitHub),The Unlicense / Public Domain,https://raw.githubusercontent.com/yuhonas/free-exercise-db/main/exercises/Chin-Up/0.jpg
back,back/close-grip-cable-row.jpg,free-exercise-db (GitHub),The Unlicense / Public Domain,https://raw.githubusercontent.com/yuhonas/free-exercise-db/main/exercises/Seated_Cable_Rows/1.jpg
back,back/close-grip-lat-pulldown.jpg,free-exercise-db (GitHub),The Unlicense / Public Domain,https://raw.githubusercontent.com/yuhonas/free-exercise-db/main/exercises/Close-Grip_Front_Lat_Pulldown/0.jpg
back,back/conventional-deadlift.jpg,free-exercise-db (GitHub),The Unlicense / Public Domain,https://raw.githubusercontent.com/yuhonas/free-exercise-db/main/exercises/Barbell_Deadlift/1.jpg
back,back/deadlift.jpg,free-exercise-db (GitHub),The Unlicense / Public Domain,https://raw.githubusercontent.com/yuhonas/free-exercise-db/main/exercises/Barbell_Deadlift/0.jpg
back,back/dumbbell-pullover.jpg,free-exercise-db (GitHub),The Unlicense / Public Domain,https://raw.githubusercontent.com/yuhonas/free-exercise-db/main/exercises/Bent-Arm_Dumbbell_Pullover/0.jpg
back,back/dumbbell-row.jpg,free-exercise-db (GitHub),The Unlicense / Public Domain,https://raw.githubusercontent.com/yuhonas/free-exercise-db/main/exercises/Bent_Over_Two-Dumbbell_Row/0.jpg
back,back/face-pull.jpg,free-exercise-db (GitHub),The Unlicense / Public Domain,https://raw.githubusercontent.com/yuhonas/free-exercise-db/main/exercises/Face_Pull/0.jpg
back,back/inverted-row.jpg,free-exercise-db (GitHub),The Unlicense / Public Domain,https://raw.githubusercontent.com/yuhonas/free-exercise-db/main/exercises/Inverted_Row/0.jpg
back,back/machine-row.jpg,free-exercise-db (GitHub),The Unlicense / Public Domain,https://raw.githubusercontent.com/yuhonas/free-exercise-db/main/exercises/Leverage_High_Row/0.jpg
back,back/neutral-grip-pulldown.jpg,free-exercise-db (GitHub),The Unlicense / Public Domain,https://raw.githubusercontent.com/yuhonas/free-exercise-db/main/exercises/V-Bar_Pulldown/0.jpg
back,back/pendlay-row.jpg,free-exercise-db (GitHub),The Unlicense / Public Domain,https://raw.githubusercontent.com/yuhonas/free-exercise-db/main/exercises/Bent_Over_Barbell_Row/1.jpg
back,back/pull-ups.jpg,free-exercise-db (GitHub),The Unlicense / Public Domain,https://raw.githubusercontent.com/yuhonas/free-exercise-db/main/exercises/Pullups/0.jpg
back,back/rack-pull.jpg,free-exercise-db (GitHub),The Unlicense / Public Domain,https://raw.githubusercontent.com/yuhonas/free-exercise-db/main/exercises/Rack_Pulls/0.jpg
back,back/reverse-grip-lat-pulldown.jpg,free-exercise-db (GitHub),The Unlicense / Public Domain,https://raw.githubusercontent.com/yuhonas/free-exercise-db/main/exercises/Underhand_Cable_Pulldowns/0.jpg
back,back/romanian-deadlift.jpg,free-exercise-db (GitHub),The Unlicense / Public Domain,https://raw.githubusercontent.com/yuhonas/free-exercise-db/main/exercises/Romanian_Deadlift/0.jpg
back,back/seated-cable-row.jpg,free-exercise-db (GitHub),The Unlicense / Public Domain,https://raw.githubusercontent.com/yuhonas/free-exercise-db/main/exercises/Seated_Cable_Rows/0.jpg
back,back/single-arm-dumbbell-row.jpg,free-exercise-db (GitHub),The Unlicense / Public Domain,https://raw.githubusercontent.com/yuhonas/free-exercise-db/main/exercises/One-Arm_Dumbbell_Row/0.jpg
back,back/straight-arm-pulldown.jpg,free-exercise-db (GitHub),The Unlicense / Public Domain,https://raw.githubusercontent.com/yuhonas/free-exercise-db/main/exercises/Straight-Arm_Pulldown/0.jpg
back,back/sumo-deadlift.jpg,free-exercise-db (GitHub),The Unlicense / Public Domain,https://raw.githubusercontent.com/yuhonas/free-exercise-db/main/exercises/Sumo_Deadlift/0.jpg
back,back/t-bar-row.jpg,free-exercise-db (GitHub),The Unlicense / Public Domain,https://raw.githubusercontent.com/yuhonas/free-exercise-db/main/exercises/T-Bar_Row_with_Handle/0.jpg
back,back/wide-grip-lat-pulldown.jpg,free-exercise-db (GitHub),The Unlicense / Public Domain,https://raw.githubusercontent.com/yuhonas/free-exercise-db/main/exercises/Wide-Grip_Lat_Pulldown/0.jpg
biceps,biceps/alternating-dumbbell-curl.jpg,free-exercise-db (GitHub),The Unlicense / Public Domain,https://raw.githubusercontent.com/yuhonas/free-exercise-db/main/exercises/Dumbbell_Alternate_Bicep_Curl/0.jpg
biceps,biceps/barbell-curl.jpg,free-exercise-db (GitHub),The Unlicense / Public Domain,https://raw.githubusercontent.com/yuhonas/free-exercise-db/main/exercises/Barbell_Curl/0.jpg
biceps,biceps/bayesian-curl.jpg,free-exercise-db (GitHub),The Unlicense / Public Domain,https://raw.githubusercontent.com/yuhonas/free-exercise-db/main/exercises/Standing_One-Arm_Cable_Curl/1.jpg
biceps,biceps/cable-curl.jpg,free-exercise-db (GitHub),The Unlicense / Public Domain,https://raw.githubusercontent.com/yuhonas/free-exercise-db/main/exercises/Standing_Biceps_Cable_Curl/0.jpg
biceps,biceps/concentration-curl.jpg,free-exercise-db (GitHub),The Unlicense / Public Domain,https://raw.githubusercontent.com/yuhonas/free-exercise-db/main/exercises/Concentration_Curls/0.jpg
biceps,biceps/cross-body-hammer-curl.jpg,free-exercise-db (GitHub),The Unlicense / Public Domain,https://raw.githubusercontent.com/yuhonas/free-exercise-db/main/exercises/Cross_Body_Hammer_Curl/0.jpg
biceps,biceps/drag-curl.jpg,free-exercise-db (GitHub),The Unlicense / Public Domain,https://raw.githubusercontent.com/yuhonas/free-exercise-db/main/exercises/Drag_Curl/0.jpg
biceps,biceps/dumbbell-curl.jpg,free-exercise-db (GitHub),The Unlicense / Public Domain,https://raw.githubusercontent.com/yuhonas/free-exercise-db/main/exercises/Dumbbell_Bicep_Curl/0.jpg
biceps,biceps/ez-bar-curl.jpg,free-exercise-db (GitHub),The Unlicense / Public Domain,https://raw.githubusercontent.com/yuhonas/free-exercise-db/main/exercises/EZ-Bar_Curl/0.jpg
biceps,biceps/hammer-curl.jpg,free-exercise-db (GitHub),The Unlicense / Public Domain,https://raw.githubusercontent.com/yuhonas/free-exercise-db/main/exercises/Alternate_Hammer_Curl/0.jpg
biceps,biceps/incline-dumbbell-curl.jpg,free-exercise-db (GitHub),The Unlicense / Public Domain,https://raw.githubusercontent.com/yuhonas/free-exercise-db/main/exercises/Incline_Dumbbell_Curl/0.jpg
biceps,biceps/machine-biceps-curl.jpg,free-exercise-db (GitHub),The Unlicense / Public Domain,https://raw.githubusercontent.com/yuhonas/free-exercise-db/main/exercises/Machine_Bicep_Curl/0.jpg
biceps,biceps/preacher-curl.jpg,free-exercise-db (GitHub),The Unlicense / Public Domain,https://raw.githubusercontent.com/yuhonas/free-exercise-db/main/exercises/Cable_Preacher_Curl/0.jpg
biceps,biceps/preacher-hammer-curl.jpg,free-exercise-db (GitHub),The Unlicense / Public Domain,https://raw.githubusercontent.com/yuhonas/free-exercise-db/main/exercises/Preacher_Hammer_Dumbbell_Curl/0.jpg
biceps,biceps/reverse-curl.jpg,free-exercise-db (GitHub),The Unlicense / Public Domain,https://raw.githubusercontent.com/yuhonas/free-exercise-db/main/exercises/Reverse_Barbell_Curl/0.jpg
biceps,biceps/rope-cable-curl.jpg,free-exercise-db (GitHub),The Unlicense / Public Domain,https://raw.githubusercontent.com/yuhonas/free-exercise-db/main/exercises/Cable_Hammer_Curls_-_Rope_Attachment/0.jpg
biceps,biceps/single-arm-cable-curl.jpg,free-exercise-db (GitHub),The Unlicense / Public Domain,https://raw.githubusercontent.com/yuhonas/free-exercise-db/main/exercises/Standing_One-Arm_Cable_Curl/0.jpg
biceps,biceps/spider-curl.jpg,free-exercise-db (GitHub),The Unlicense / Public Domain,https://raw.githubusercontent.com/yuhonas/free-exercise-db/main/exercises/Spider_Curl/0.jpg
biceps,biceps/zottman-curl.jpg,free-exercise-db (GitHub),The Unlicense / Public Domain,https://raw.githubusercontent.com/yuhonas/free-exercise-db/main/exercises/Zottman_Curl/0.jpg
cardio,cardio/bicycle-crunches.jpg,free-exercise-db (GitHub),The Unlicense / Public Domain,https://raw.githubusercontent.com/yuhonas/free-exercise-db/main/exercises/Air_Bike/0.jpg
cardio,cardio/bird-dog.jpg,Wikimedia Commons,Creative Commons / Public Domain,https://upload.wikimedia.org/wikipedia/commons/8/82/Bird_dog_exercise.jpg
cardio,cardio/bodyweight-squats.jpg,free-exercise-db (GitHub),The Unlicense / Public Domain,https://raw.githubusercontent.com/yuhonas/free-exercise-db/main/exercises/Bodyweight_Squat/0.jpg
cardio,cardio/box-jumps.jpg,free-exercise-db (GitHub),The Unlicense / Public Domain,https://raw.githubusercontent.com/yuhonas/free-exercise-db/main/exercises/Front_Box_Jump/0.jpg
cardio,cardio/broad-jumps.jpg,free-exercise-db (GitHub),The Unlicense / Public Domain,https://raw.githubusercontent.com/yuhonas/free-exercise-db/main/exercises/Bench_Jump/0.jpg
cardio,cardio/bulgarian-split-squats.jpg,free-exercise-db (GitHub),The Unlicense / Public Domain,https://raw.githubusercontent.com/yuhonas/free-exercise-db/main/exercises/Split_Squats/0.jpg
cardio,cardio/burpee-broad-jumps.jpg,Wikimedia Commons,Creative Commons / Public Domain,https://upload.wikimedia.org/wikipedia/commons/e/eb/CrossFit_Open_12.1_-_Burpees.jpg
cardio,cardio/burpees.jpg,Wikimedia Commons,Creative Commons / Public Domain,https://upload.wikimedia.org/wikipedia/commons/7/7a/Airborne_Burpee.jpg
cardio,cardio/butt-kicks.jpg,free-exercise-db (GitHub),The Unlicense / Public Domain,https://raw.githubusercontent.com/yuhonas/free-exercise-db/main/exercises/Double_Leg_Butt_Kick/0.jpg
cardio,cardio/crunches.jpg,free-exercise-db (GitHub),The Unlicense / Public Domain,https://raw.githubusercontent.com/yuhonas/free-exercise-db/main/exercises/Crunches/0.jpg
cardio,cardio/dead-bug.jpg,free-exercise-db (GitHub),The Unlicense / Public Domain,https://raw.githubusercontent.com/yuhonas/free-exercise-db/main/exercises/Dead_Bug/0.jpg
cardio,cardio/decline-push-ups.jpg,free-exercise-db (GitHub),The Unlicense / Public Domain,https://raw.githubusercontent.com/yuhonas/free-exercise-db/main/exercises/Decline_Push-Up/0.jpg
cardio,cardio/diamond-push-ups.jpg,free-exercise-db (GitHub),The Unlicense / Public Domain,https://raw.githubusercontent.com/yuhonas/free-exercise-db/main/exercises/Incline_Push-Up_Close-Grip/0.jpg
cardio,cardio/flutter-kicks.jpg,free-exercise-db (GitHub),The Unlicense / Public Domain,https://raw.githubusercontent.com/yuhonas/free-exercise-db/main/exercises/Flutter_Kicks/0.jpg
cardio,cardio/hanging-leg-raises.jpg,free-exercise-db (GitHub),The Unlicense / Public Domain,https://raw.githubusercontent.com/yuhonas/free-exercise-db/main/exercises/Hanging_Leg_Raise/0.jpg
cardio,cardio/heel-taps.jpg,free-exercise-db (GitHub),The Unlicense / Public Domain,https://raw.githubusercontent.com/yuhonas/free-exercise-db/main/exercises/Alternate_Heel_Touchers/0.jpg
cardio,cardio/high-knees.jpg,free-exercise-db (GitHub),The Unlicense / Public Domain,https://raw.githubusercontent.com/yuhonas/free-exercise-db/main/exercises/Double_Leg_Butt_Kick/1.jpg
cardio,cardio/hindu-push-ups.jpg,Wikimedia Commons,Creative Commons / Public Domain,https://upload.wikimedia.org/wikipedia/commons/c/c4/Dand%2C_Dund%2C_Hindu_push-up%2C_Figure_3.jpg
cardio,cardio/hollow-body-hold.jpg,free-exercise-db (GitHub),The Unlicense / Public Domain,https://raw.githubusercontent.com/yuhonas/free-exercise-db/main/exercises/Dead_Bug/1.jpg
cardio,cardio/incline-push-ups.jpg,free-exercise-db (GitHub),The Unlicense / Public Domain,https://raw.githubusercontent.com/yuhonas/free-exercise-db/main/exercises/Incline_Push-Up/0.jpg
cardio,cardio/jump-rope.jpg,free-exercise-db (GitHub),The Unlicense / Public Domain,https://raw.githubusercontent.com/yuhonas/free-exercise-db/main/exercises/Rope_Jumping/0.jpg
cardio,cardio/jump-squats.jpg,free-exercise-db (GitHub),The Unlicense / Public Domain,https://raw.githubusercontent.com/yuhonas/free-exercise-db/main/exercises/Freehand_Jump_Squat/1.jpg
cardio,cardio/jumping-jacks.jpg,Wikimedia Commons,Creative Commons / Public Domain,https://upload.wikimedia.org/wikipedia/commons/3/35/A_display_of_Jumping_Jack_Cardio_Exercise_at_Orji_Flyover_Owerri%2C_Imo_State.jpg
cardio,cardio/knee-raises.jpg,free-exercise-db (GitHub),The Unlicense / Public Domain,https://raw.githubusercontent.com/yuhonas/free-exercise-db/main/exercises/Bent-Knee_Hip_Raise/0.jpg
cardio,cardio/lateral-jumps.jpg,free-exercise-db (GitHub),The Unlicense / Public Domain,https://raw.githubusercontent.com/yuhonas/free-exercise-db/main/exercises/Lateral_Box_Jump/0.jpg
cardio,cardio/leg-raises.jpg,free-exercise-db (GitHub),The Unlicense / Public Domain,https://raw.githubusercontent.com/yuhonas/free-exercise-db/main/exercises/Flat_Bench_Lying_Leg_Raise/0.jpg
cardio,cardio/lunges.jpg,free-exercise-db (GitHub),The Unlicense / Public Domain,https://raw.githubusercontent.com/yuhonas/free-exercise-db/main/exercises/Bodyweight_Walking_Lunge/0.jpg
cardio,cardio/mountain-climbers.jpg,free-exercise-db (GitHub),The Unlicense / Public Domain,https://raw.githubusercontent.com/yuhonas/free-exercise-db/main/exercises/Mountain_Climbers/0.jpg
cardio,cardio/pike-push-ups.jpg,free-exercise-db (GitHub),The Unlicense / Public Domain,https://raw.githubusercontent.com/yuhonas/free-exercise-db/main/exercises/Incline_Push-Up/1.jpg
cardio,cardio/plank-jacks.jpg,free-exercise-db (GitHub),The Unlicense / Public Domain,https://raw.githubusercontent.com/yuhonas/free-exercise-db/main/exercises/Plank/0.jpg
cardio,cardio/plank-shoulder-taps.jpg,free-exercise-db (GitHub),The Unlicense / Public Domain,https://raw.githubusercontent.com/yuhonas/free-exercise-db/main/exercises/Plank/1.jpg
cardio,cardio/plank.jpg,free-exercise-db (GitHub),The Unlicense / Public Domain,https://raw.githubusercontent.com/yuhonas/free-exercise-db/main/exercises/Plank/0.jpg
cardio,cardio/push-ups.jpg,free-exercise-db (GitHub),The Unlicense / Public Domain,https://raw.githubusercontent.com/yuhonas/free-exercise-db/main/exercises/Pushups/0.jpg
cardio,cardio/reverse-crunches.jpg,free-exercise-db (GitHub),The Unlicense / Public Domain,https://raw.githubusercontent.com/yuhonas/free-exercise-db/main/exercises/Cable_Reverse_Crunch/0.jpg
cardio,cardio/reverse-lunges.jpg,free-exercise-db (GitHub),The Unlicense / Public Domain,https://raw.githubusercontent.com/yuhonas/free-exercise-db/main/exercises/Crossover_Reverse_Lunge/0.jpg
cardio,cardio/russian-twists.jpg,free-exercise-db (GitHub),The Unlicense / Public Domain,https://raw.githubusercontent.com/yuhonas/free-exercise-db/main/exercises/Cable_Russian_Twists/0.jpg
cardio,cardio/shadow-boxing.jpg,Wikimedia Commons,Creative Commons / Public Domain,https://upload.wikimedia.org/wikipedia/commons/2/23/Photos_taken_at_Zebra_Boxing_Club_on_20th_September_2025_15.jpg
cardio,cardio/side-plank.jpg,free-exercise-db (GitHub),The Unlicense / Public Domain,https://raw.githubusercontent.com/yuhonas/free-exercise-db/main/exercises/Push_Up_to_Side_Plank/1.jpg
cardio,cardio/sit-ups.jpg,free-exercise-db (GitHub),The Unlicense / Public Domain,https://raw.githubusercontent.com/yuhonas/free-exercise-db/main/exercises/Frog_Sit-Ups/0.jpg
cardio,cardio/skater-jumps.jpg,free-exercise-db (GitHub),The Unlicense / Public Domain,https://raw.githubusercontent.com/yuhonas/free-exercise-db/main/exercises/Lateral_Box_Jump/1.jpg
cardio,cardio/split-jumps.jpg,free-exercise-db (GitHub),The Unlicense / Public Domain,https://raw.githubusercontent.com/yuhonas/free-exercise-db/main/exercises/Split_Jump/0.jpg
cardio,cardio/squat-jumps.jpg,free-exercise-db (GitHub),The Unlicense / Public Domain,https://raw.githubusercontent.com/yuhonas/free-exercise-db/main/exercises/Freehand_Jump_Squat/0.jpg
cardio,cardio/star-jumps.jpg,free-exercise-db (GitHub),The Unlicense / Public Domain,https://raw.githubusercontent.com/yuhonas/free-exercise-db/main/exercises/Star_Jump/0.jpg
cardio,cardio/step-ups.jpg,free-exercise-db (GitHub),The Unlicense / Public Domain,https://raw.githubusercontent.com/yuhonas/free-exercise-db/main/exercises/Barbell_Step_Ups/0.jpg
cardio,cardio/toe-touches.jpg,free-exercise-db (GitHub),The Unlicense / Public Domain,https://raw.githubusercontent.com/yuhonas/free-exercise-db/main/exercises/Standing_Toe_Touches/0.jpg
cardio,cardio/tuck-jumps.jpg,free-exercise-db (GitHub),The Unlicense / Public Domain,https://raw.githubusercontent.com/yuhonas/free-exercise-db/main/exercises/Knee_Tuck_Jump/0.jpg
cardio,cardio/v-ups.jpg,free-exercise-db (GitHub),The Unlicense / Public Domain,https://raw.githubusercontent.com/yuhonas/free-exercise-db/main/exercises/Jackknife_Sit-Up/0.jpg
cardio,cardio/walking-lunges.jpg,free-exercise-db (GitHub),The Unlicense / Public Domain,https://raw.githubusercontent.com/yuhonas/free-exercise-db/main/exercises/Bodyweight_Walking_Lunge/1.jpg
cardio,cardio/wide-push-ups.jpg,free-exercise-db (GitHub),The Unlicense / Public Domain,https://raw.githubusercontent.com/yuhonas/free-exercise-db/main/exercises/Push-Up_Wide/0.jpg
chest,chest/barbell-bench-press.jpg,free-exercise-db (GitHub),The Unlicense / Public Domain,https://raw.githubusercontent.com/yuhonas/free-exercise-db/main/exercises/Barbell_Bench_Press_-_Medium_Grip/0.jpg
chest,chest/cable-crossover.jpg,free-exercise-db (GitHub),The Unlicense / Public Domain,https://raw.githubusercontent.com/yuhonas/free-exercise-db/main/exercises/Cable_Crossover/0.jpg
chest,chest/chest-dips.jpg,free-exercise-db (GitHub),The Unlicense / Public Domain,https://raw.githubusercontent.com/yuhonas/free-exercise-db/main/exercises/Dips_-_Chest_Version/0.jpg
chest,chest/decline-barbell-bench-press.jpg,free-exercise-db (GitHub),The Unlicense / Public Domain,https://raw.githubusercontent.com/yuhonas/free-exercise-db/main/exercises/Decline_Barbell_Bench_Press/0.jpg
chest,chest/decline-dumbbell-press.jpg,free-exercise-db (GitHub),The Unlicense / Public Domain,https://raw.githubusercontent.com/yuhonas/free-exercise-db/main/exercises/Decline_Dumbbell_Bench_Press/0.jpg
chest,chest/decline-machine-press.jpg,free-exercise-db (GitHub),The Unlicense / Public Domain,https://raw.githubusercontent.com/yuhonas/free-exercise-db/main/exercises/Smith_Machine_Decline_Press/0.jpg
chest,chest/diamond-push-ups.jpg,free-exercise-db (GitHub),The Unlicense / Public Domain,https://raw.githubusercontent.com/yuhonas/free-exercise-db/main/exercises/Incline_Push-Up_Close-Grip/0.jpg
chest,chest/dumbbell-fly.jpg,free-exercise-db (GitHub),The Unlicense / Public Domain,https://raw.githubusercontent.com/yuhonas/free-exercise-db/main/exercises/Dumbbell_Flyes/0.jpg
chest,chest/dumbbell-pullover.jpg,free-exercise-db (GitHub),The Unlicense / Public Domain,https://raw.githubusercontent.com/yuhonas/free-exercise-db/main/exercises/Bent-Arm_Dumbbell_Pullover/1.jpg
chest,chest/flat-dumbbell-press.jpg,free-exercise-db (GitHub),The Unlicense / Public Domain,https://raw.githubusercontent.com/yuhonas/free-exercise-db/main/exercises/Dumbbell_Bench_Press/0.jpg
chest,chest/high-to-low-cable-fly.jpg,free-exercise-db (GitHub),The Unlicense / Public Domain,https://raw.githubusercontent.com/yuhonas/free-exercise-db/main/exercises/Cable_Iron_Cross/0.jpg
chest,chest/incline-barbell-bench-press.jpg,free-exercise-db (GitHub),The Unlicense / Public Domain,https://raw.githubusercontent.com/yuhonas/free-exercise-db/main/exercises/Barbell_Incline_Bench_Press_-_Medium_Grip/0.jpg
chest,chest/incline-dumbbell-fly.jpg,free-exercise-db (GitHub),The Unlicense / Public Domain,https://raw.githubusercontent.com/yuhonas/free-exercise-db/main/exercises/Incline_Dumbbell_Flyes/0.jpg
chest,chest/incline-dumbbell-press.jpg,free-exercise-db (GitHub),The Unlicense / Public Domain,https://raw.githubusercontent.com/yuhonas/free-exercise-db/main/exercises/Incline_Dumbbell_Press/0.jpg
chest,chest/incline-machine-press.jpg,free-exercise-db (GitHub),The Unlicense / Public Domain,https://raw.githubusercontent.com/yuhonas/free-exercise-db/main/exercises/Smith_Machine_Incline_Bench_Press/0.jpg
chest,chest/low-to-high-cable-fly.jpg,free-exercise-db (GitHub),The Unlicense / Public Domain,https://raw.githubusercontent.com/yuhonas/free-exercise-db/main/exercises/Low_Cable_Crossover/0.jpg
chest,chest/machine-chest-press.jpg,free-exercise-db (GitHub),The Unlicense / Public Domain,https://raw.githubusercontent.com/yuhonas/free-exercise-db/main/exercises/Machine_Bench_Press/0.jpg
chest,chest/pec-deck.jpg,free-exercise-db (GitHub),The Unlicense / Public Domain,https://raw.githubusercontent.com/yuhonas/free-exercise-db/main/exercises/Butterfly/0.jpg
chest,chest/push-ups.jpg,free-exercise-db (GitHub),The Unlicense / Public Domain,https://raw.githubusercontent.com/yuhonas/free-exercise-db/main/exercises/Pushups/0.jpg
chest,chest/wide-grip-push-ups.jpg,free-exercise-db (GitHub),The Unlicense / Public Domain,https://raw.githubusercontent.com/yuhonas/free-exercise-db/main/exercises/Push-Up_Wide/0.jpg
legs,legs/barbell-hip-thrust.jpg,free-exercise-db (GitHub),The Unlicense / Public Domain,https://raw.githubusercontent.com/yuhonas/free-exercise-db/main/exercises/Barbell_Hip_Thrust/1.jpg
legs,legs/barbell-squat.jpg,free-exercise-db (GitHub),The Unlicense / Public Domain,https://raw.githubusercontent.com/yuhonas/free-exercise-db/main/exercises/Barbell_Full_Squat/0.jpg
legs,legs/bulgarian-split-squat.jpg,free-exercise-db (GitHub),The Unlicense / Public Domain,https://raw.githubusercontent.com/yuhonas/free-exercise-db/main/exercises/Split_Squats/0.jpg
legs,legs/cable-pull-through.jpg,free-exercise-db (GitHub),The Unlicense / Public Domain,https://raw.githubusercontent.com/yuhonas/free-exercise-db/main/exercises/Pull_Through/0.jpg
legs,legs/donkey-calf-raise.jpg,free-exercise-db (GitHub),The Unlicense / Public Domain,https://raw.githubusercontent.com/yuhonas/free-exercise-db/main/exercises/Donkey_Calf_Raises/0.jpg
legs,legs/forward-lunges.jpg,free-exercise-db (GitHub),The Unlicense / Public Domain,https://raw.githubusercontent.com/yuhonas/free-exercise-db/main/exercises/Barbell_Lunge/0.jpg
legs,legs/front-squat.jpg,free-exercise-db (GitHub),The Unlicense / Public Domain,https://raw.githubusercontent.com/yuhonas/free-exercise-db/main/exercises/Front_Barbell_Squat/0.jpg
legs,legs/glute-bridge.jpg,free-exercise-db (GitHub),The Unlicense / Public Domain,https://raw.githubusercontent.com/yuhonas/free-exercise-db/main/exercises/Barbell_Glute_Bridge/0.jpg
legs,legs/goblet-squat.jpg,free-exercise-db (GitHub),The Unlicense / Public Domain,https://raw.githubusercontent.com/yuhonas/free-exercise-db/main/exercises/Goblet_Squat/0.jpg
legs,legs/good-morning.jpg,free-exercise-db (GitHub),The Unlicense / Public Domain,https://raw.githubusercontent.com/yuhonas/free-exercise-db/main/exercises/Band_Good_Morning/0.jpg
legs,legs/hack-squat.jpg,free-exercise-db (GitHub),The Unlicense / Public Domain,https://raw.githubusercontent.com/yuhonas/free-exercise-db/main/exercises/Barbell_Hack_Squat/0.jpg
legs,legs/hip-thrust.jpg,free-exercise-db (GitHub),The Unlicense / Public Domain,https://raw.githubusercontent.com/yuhonas/free-exercise-db/main/exercises/Barbell_Hip_Thrust/0.jpg
legs,legs/leg-extension.jpg,free-exercise-db (GitHub),The Unlicense / Public Domain,https://raw.githubusercontent.com/yuhonas/free-exercise-db/main/exercises/Leg_Extensions/0.jpg
legs,legs/leg-press-calf-raise.jpg,free-exercise-db (GitHub),The Unlicense / Public Domain,https://raw.githubusercontent.com/yuhonas/free-exercise-db/main/exercises/Calf_Press_On_The_Leg_Press_Machine/0.jpg
legs,legs/leg-press.jpg,free-exercise-db (GitHub),The Unlicense / Public Domain,https://raw.githubusercontent.com/yuhonas/free-exercise-db/main/exercises/Leg_Press/0.jpg
legs,legs/lying-leg-curl.jpg,free-exercise-db (GitHub),The Unlicense / Public Domain,https://raw.githubusercontent.com/yuhonas/free-exercise-db/main/exercises/Lying_Leg_Curls/0.jpg
legs,legs/nordic-hamstring-curl.jpg,free-exercise-db (GitHub),The Unlicense / Public Domain,https://raw.githubusercontent.com/yuhonas/free-exercise-db/main/exercises/Seated_Band_Hamstring_Curl/0.jpg
legs,legs/reverse-lunge.jpg,free-exercise-db (GitHub),The Unlicense / Public Domain,https://raw.githubusercontent.com/yuhonas/free-exercise-db/main/exercises/Crossover_Reverse_Lunge/1.jpg
legs,legs/reverse-lunges.jpg,free-exercise-db (GitHub),The Unlicense / Public Domain,https://raw.githubusercontent.com/yuhonas/free-exercise-db/main/exercises/Crossover_Reverse_Lunge/0.jpg
legs,legs/romanian-deadlift.jpg,free-exercise-db (GitHub),The Unlicense / Public Domain,https://raw.githubusercontent.com/yuhonas/free-exercise-db/main/exercises/Romanian_Deadlift/0.jpg
legs,legs/seated-calf-raise.jpg,free-exercise-db (GitHub),The Unlicense / Public Domain,https://raw.githubusercontent.com/yuhonas/free-exercise-db/main/exercises/Barbell_Seated_Calf_Raise/0.jpg
legs,legs/seated-leg-curl.jpg,free-exercise-db (GitHub),The Unlicense / Public Domain,https://raw.githubusercontent.com/yuhonas/free-exercise-db/main/exercises/Seated_Leg_Curl/0.jpg
legs,legs/single-leg-calf-raise.jpg,free-exercise-db (GitHub),The Unlicense / Public Domain,https://raw.githubusercontent.com/yuhonas/free-exercise-db/main/exercises/Dumbbell_Seated_One-Leg_Calf_Raise/0.jpg
legs,legs/sissy-squat.jpg,free-exercise-db (GitHub),The Unlicense / Public Domain,https://raw.githubusercontent.com/yuhonas/free-exercise-db/main/exercises/Weighted_Sissy_Squat/0.jpg
legs,legs/smith-machine-calf-raise.jpg,free-exercise-db (GitHub),The Unlicense / Public Domain,https://raw.githubusercontent.com/yuhonas/free-exercise-db/main/exercises/Smith_Machine_Calf_Raise/0.jpg
legs,legs/standing-calf-raise.jpg,free-exercise-db (GitHub),The Unlicense / Public Domain,https://raw.githubusercontent.com/yuhonas/free-exercise-db/main/exercises/Standing_Calf_Raises/0.jpg
legs,legs/standing-leg-curl.jpg,free-exercise-db (GitHub),The Unlicense / Public Domain,https://raw.githubusercontent.com/yuhonas/free-exercise-db/main/exercises/Standing_Leg_Curl/0.jpg
legs,legs/step-ups.jpg,free-exercise-db (GitHub),The Unlicense / Public Domain,https://raw.githubusercontent.com/yuhonas/free-exercise-db/main/exercises/Barbell_Step_Ups/0.jpg
legs,legs/stiff-leg-deadlift.jpg,free-exercise-db (GitHub),The Unlicense / Public Domain,https://raw.githubusercontent.com/yuhonas/free-exercise-db/main/exercises/Stiff-Legged_Barbell_Deadlift/0.jpg
legs,legs/walking-lunges.jpg,free-exercise-db (GitHub),The Unlicense / Public Domain,https://raw.githubusercontent.com/yuhonas/free-exercise-db/main/exercises/Barbell_Walking_Lunge/0.jpg
shoulders,shoulders/arnold-press.jpg,free-exercise-db (GitHub),The Unlicense / Public Domain,https://raw.githubusercontent.com/yuhonas/free-exercise-db/main/exercises/Arnold_Dumbbell_Press/0.jpg
shoulders,shoulders/barbell-overhead-press.jpg,free-exercise-db (GitHub),The Unlicense / Public Domain,https://raw.githubusercontent.com/yuhonas/free-exercise-db/main/exercises/Standing_Military_Press/0.jpg
shoulders,shoulders/bent-over-rear-delt-raise.jpg,free-exercise-db (GitHub),The Unlicense / Public Domain,https://raw.githubusercontent.com/yuhonas/free-exercise-db/main/exercises/Seated_Bent-Over_Rear_Delt_Raise/1.jpg
shoulders,shoulders/cable-front-raise.jpg,free-exercise-db (GitHub),The Unlicense / Public Domain,https://raw.githubusercontent.com/yuhonas/free-exercise-db/main/exercises/Front_Cable_Raise/0.jpg
shoulders,shoulders/cable-lateral-raise.jpg,free-exercise-db (GitHub),The Unlicense / Public Domain,https://raw.githubusercontent.com/yuhonas/free-exercise-db/main/exercises/Cable_Seated_Lateral_Raise/0.jpg
shoulders,shoulders/cable-rear-delt-fly.jpg,free-exercise-db (GitHub),The Unlicense / Public Domain,https://raw.githubusercontent.com/yuhonas/free-exercise-db/main/exercises/Cable_Rear_Delt_Fly/0.jpg
shoulders,shoulders/dumbbell-lateral-raise.jpg,free-exercise-db (GitHub),The Unlicense / Public Domain,https://raw.githubusercontent.com/yuhonas/free-exercise-db/main/exercises/Side_Lateral_Raise/0.jpg
shoulders,shoulders/dumbbell-shoulder-press.jpg,free-exercise-db (GitHub),The Unlicense / Public Domain,https://raw.githubusercontent.com/yuhonas/free-exercise-db/main/exercises/Dumbbell_Shoulder_Press/0.jpg
shoulders,shoulders/face-pull.jpg,free-exercise-db (GitHub),The Unlicense / Public Domain,https://raw.githubusercontent.com/yuhonas/free-exercise-db/main/exercises/Face_Pull/0.jpg
shoulders,shoulders/front-dumbbell-raise.jpg,free-exercise-db (GitHub),The Unlicense / Public Domain,https://raw.githubusercontent.com/yuhonas/free-exercise-db/main/exercises/Front_Dumbbell_Raise/0.jpg
shoulders,shoulders/front-plate-raise.jpg,free-exercise-db (GitHub),The Unlicense / Public Domain,https://raw.githubusercontent.com/yuhonas/free-exercise-db/main/exercises/Front_Plate_Raise/0.jpg
shoulders,shoulders/leaning-cable-lateral-raise.jpg,free-exercise-db (GitHub),The Unlicense / Public Domain,https://raw.githubusercontent.com/yuhonas/free-exercise-db/main/exercises/Cable_Seated_Lateral_Raise/1.jpg
shoulders,shoulders/machine-lateral-raise.jpg,free-exercise-db (GitHub),The Unlicense / Public Domain,https://raw.githubusercontent.com/yuhonas/free-exercise-db/main/exercises/Side_Lateral_Raise/1.jpg
shoulders,shoulders/machine-shoulder-press.jpg,free-exercise-db (GitHub),The Unlicense / Public Domain,https://raw.githubusercontent.com/yuhonas/free-exercise-db/main/exercises/Machine_Shoulder_Military_Press/0.jpg
shoulders,shoulders/push-press.jpg,free-exercise-db (GitHub),The Unlicense / Public Domain,https://raw.githubusercontent.com/yuhonas/free-exercise-db/main/exercises/Push_Press/0.jpg
shoulders,shoulders/rear-delt-dumbbell-fly.jpg,free-exercise-db (GitHub),The Unlicense / Public Domain,https://raw.githubusercontent.com/yuhonas/free-exercise-db/main/exercises/Seated_Bent-Over_Rear_Delt_Raise/0.jpg
shoulders,shoulders/reverse-pec-deck.jpg,free-exercise-db (GitHub),The Unlicense / Public Domain,https://raw.githubusercontent.com/yuhonas/free-exercise-db/main/exercises/Reverse_Machine_Flyes/0.jpg
shoulders,shoulders/smith-machine-shoulder-press.jpg,free-exercise-db (GitHub),The Unlicense / Public Domain,https://raw.githubusercontent.com/yuhonas/free-exercise-db/main/exercises/Smith_Machine_Overhead_Shoulder_Press/0.jpg
shoulders,shoulders/upright-row.jpg,free-exercise-db (GitHub),The Unlicense / Public Domain,https://raw.githubusercontent.com/yuhonas/free-exercise-db/main/exercises/Upright_Barbell_Row/0.jpg
traps,traps/barbell-shrugs.jpg,free-exercise-db (GitHub),The Unlicense / Public Domain,https://raw.githubusercontent.com/yuhonas/free-exercise-db/main/exercises/Barbell_Shrug/0.jpg
traps,traps/behind-the-back-shrugs.jpg,free-exercise-db (GitHub),The Unlicense / Public Domain,https://raw.githubusercontent.com/yuhonas/free-exercise-db/main/exercises/Barbell_Shrug_Behind_The_Back/0.jpg
traps,traps/cable-shrugs.jpg,free-exercise-db (GitHub),The Unlicense / Public Domain,https://raw.githubusercontent.com/yuhonas/free-exercise-db/main/exercises/Cable_Shrugs/0.jpg
traps,traps/dumbbell-shrugs.jpg,free-exercise-db (GitHub),The Unlicense / Public Domain,https://raw.githubusercontent.com/yuhonas/free-exercise-db/main/exercises/Dumbbell_Shrug/0.jpg
traps,traps/face-pull.jpg,free-exercise-db (GitHub),The Unlicense / Public Domain,https://raw.githubusercontent.com/yuhonas/free-exercise-db/main/exercises/Face_Pull/1.jpg
traps,traps/farmers-walk.jpg,free-exercise-db (GitHub),The Unlicense / Public Domain,https://raw.githubusercontent.com/yuhonas/free-exercise-db/main/exercises/Farmers_Walk/0.jpg
traps,traps/rack-pull.jpg,free-exercise-db (GitHub),The Unlicense / Public Domain,https://raw.githubusercontent.com/yuhonas/free-exercise-db/main/exercises/Rack_Pulls/0.jpg
traps,traps/smith-machine-shrugs.jpg,free-exercise-db (GitHub),The Unlicense / Public Domain,https://raw.githubusercontent.com/yuhonas/free-exercise-db/main/exercises/Smith_Machine_Behind_the_Back_Shrug/0.jpg
triceps,triceps/bench-dips.jpg,free-exercise-db (GitHub),The Unlicense / Public Domain,https://raw.githubusercontent.com/yuhonas/free-exercise-db/main/exercises/Bench_Dips/0.jpg
triceps,triceps/cable-kickbacks.jpg,free-exercise-db (GitHub),The Unlicense / Public Domain,https://raw.githubusercontent.com/yuhonas/free-exercise-db/main/exercises/Tricep_Dumbbell_Kickback/1.jpg
triceps,triceps/close-grip-bench-press.jpg,free-exercise-db (GitHub),The Unlicense / Public Domain,https://raw.githubusercontent.com/yuhonas/free-exercise-db/main/exercises/Close-Grip_Barbell_Bench_Press/0.jpg
triceps,triceps/dumbbell-kickbacks.jpg,free-exercise-db (GitHub),The Unlicense / Public Domain,https://raw.githubusercontent.com/yuhonas/free-exercise-db/main/exercises/Tricep_Dumbbell_Kickback/0.jpg
triceps,triceps/dumbbell-skull-crushers.jpg,free-exercise-db (GitHub),The Unlicense / Public Domain,https://raw.githubusercontent.com/yuhonas/free-exercise-db/main/exercises/Decline_Dumbbell_Triceps_Extension/0.jpg
triceps,triceps/ez-bar-skull-crushers.jpg,free-exercise-db (GitHub),The Unlicense / Public Domain,https://raw.githubusercontent.com/yuhonas/free-exercise-db/main/exercises/Decline_EZ_Bar_Triceps_Extension/0.jpg
triceps,triceps/jm-press.jpg,free-exercise-db (GitHub),The Unlicense / Public Domain,https://raw.githubusercontent.com/yuhonas/free-exercise-db/main/exercises/JM_Press/0.jpg
triceps,triceps/overhead-cable-extension.jpg,free-exercise-db (GitHub),The Unlicense / Public Domain,https://raw.githubusercontent.com/yuhonas/free-exercise-db/main/exercises/Cable_Rope_Overhead_Triceps_Extension/0.jpg
triceps,triceps/overhead-dumbbell-extension.jpg,free-exercise-db (GitHub),The Unlicense / Public Domain,https://raw.githubusercontent.com/yuhonas/free-exercise-db/main/exercises/Seated_Triceps_Press/0.jpg
triceps,triceps/reverse-grip-pushdown.jpg,free-exercise-db (GitHub),The Unlicense / Public Domain,https://raw.githubusercontent.com/yuhonas/free-exercise-db/main/exercises/Reverse_Grip_Triceps_Pushdown/0.jpg
triceps,triceps/rope-pushdown.jpg,free-exercise-db (GitHub),The Unlicense / Public Domain,https://raw.githubusercontent.com/yuhonas/free-exercise-db/main/exercises/Triceps_Pushdown_-_Rope_Attachment/0.jpg
triceps,triceps/single-arm-overhead-extension.jpg,free-exercise-db (GitHub),The Unlicense / Public Domain,https://raw.githubusercontent.com/yuhonas/free-exercise-db/main/exercises/Standing_One-Arm_Dumbbell_Triceps_Extension/0.jpg
triceps,triceps/single-arm-pushdown.jpg,free-exercise-db (GitHub),The Unlicense / Public Domain,https://raw.githubusercontent.com/yuhonas/free-exercise-db/main/exercises/Cable_One_Arm_Tricep_Extension/0.jpg
triceps,triceps/skull-crushers.jpg,free-exercise-db (GitHub),The Unlicense / Public Domain,https://raw.githubusercontent.com/yuhonas/free-exercise-db/main/exercises/Lying_Triceps_Press/0.jpg
triceps,triceps/straight-bar-pushdown.jpg,free-exercise-db (GitHub),The Unlicense / Public Domain,https://raw.githubusercontent.com/yuhonas/free-exercise-db/main/exercises/Triceps_Pushdown/1.jpg
triceps,triceps/triceps-dips.jpg,free-exercise-db (GitHub),The Unlicense / Public Domain,https://raw.githubusercontent.com/yuhonas/free-exercise-db/main/exercises/Dips_-_Triceps_Version/0.jpg
triceps,triceps/triceps-pushdown.jpg,free-exercise-db (GitHub),The Unlicense / Public Domain,https://raw.githubusercontent.com/yuhonas/free-exercise-db/main/exercises/Triceps_Pushdown/0.jpg
